{"cameraMode":{"drawMode":0,"name":"Shaded","section":"Shading Mode"},"sceneLighting":true,"audioPlay":false,"sceneViewState":{"m_AlwaysRefresh":false,"showFog":true,"showSkybox":true,"showFlares":true,"showImageEffects":true,"showParticleSystems":true,"showVisualEffectGraphs":true,"m_FxEnabled":true},"in2DMode":false,"pivot":{"x":-9.090184211730957,"y":26.733131408691408,"z":5.312338352203369},"rotation":{"x":0.3432706594467163,"y":-0.0028174230828881265,"z":0.0010294653475284577,"w":0.9392342567443848},"size":33.4444465637207,"orthographic":false}